sample_id,gene1
-1.414213562373095,-1.261123525006176
-0.7071067811865475,-0.8512538629237985
0.0,0.0077837319158161
0.7071067811865475,0.567417203469582
1.414213562373095,1.5371764525445768
